,sepal length (cm),sepal width (cm),petal length (cm),petal width (cm)
count,30.0,30.0,30.0,30.0
mean,5.98,3.0399999999999996,3.8833333333333337,1.263333333333333
std,0.8450260146985071,0.38470768123342686,1.8413045100826138,0.810909805492373
min,4.7,2.2,1.3,0.1
25%,5.425000000000001,2.8,1.6,0.325
50%,6.05,3.0,4.5,1.35
75%,6.5,3.2,5.175,2.0
max,7.9,3.8,6.9,2.3
